MSSV,NMDT,CTRR,HTS,KTLT,CTDLGT,KTMT,LTHDT,MHH,HCSDL,HDH,NMTTNT,DHMT,MMANM
75321,6.5,6.5,5.0,6.0,5.5,6.5,7.5,7.0,8.0,6.5,1,0,1
81657,7.5,7.0,5.5,7.0,7.0,7.5,7.5,6.0,7.5,7.5,1,0,0
209312,7.0,6.5,5.5,7.5,4.5,7.0,0.0,7.0,6.0,8.0,1,1,0
583833,6.5,7.0,6.0,5.5,6.5,7.0,8.0,7.0,6.0,7.0,1,1,1
1509861,7.5,5.0,5.0,9.0,3.5,6.5,6.0,7.0,7.5,6.5,0,0,0
2047807,6.5,6.5,7.5,9.5,8.5,6.5,8.5,7.5,8.5,8.5,1,1,0
2223555,9.0,8.0,9.5,10.0,9.0,8.0,8.0,10.0,8.0,8.5,0,0,0
2240989,8.5,7.0,7.0,7.0,6.0,8.0,7.0,6.5,7.5,8.0,0,0,0
2260878,7.5,8.5,8.5,10.0,8.5,8.0,8.0,8.5,0.0,9.0,0,0,0
2274996,5.5,7.0,7.0,7.5,7.5,6.0,8.0,7.0,7.5,7.5,1,1,1
2343848,8.0,7.0,6.0,7.5,5.0,7.0,6.5,6.5,0.0,5.5,0,0,0
2683782,7.5,8.0,6.5,9.0,8.5,7.5,7.0,8.5,8.0,7.0,0,1,0
3095962,7.0,6.5,6.0,6.5,7.5,6.0,7.5,5.5,7.5,6.5,1,1,0
3419145,7.5,6.5,5.0,6.0,1.0,5.0,7.0,6.0,6.0,7.0,0,0,0
3546806,8.5,7.5,7.0,7.0,6.5,7.0,7.5,7.0,7.0,7.0,0,0,0
4045426,8.5,8.5,6.0,8.0,7.5,8.5,9.0,8.5,7.5,8.5,0,1,0
4536867,8.0,8.0,9.0,7.5,9.0,9.5,9.5,9.5,9.0,9.5,0,1,1
4650139,8.5,8.0,8.5,10.0,9.5,8.5,8.5,8.5,8.5,9.0,0,0,0
5665575,5.5,5.5,5.0,6.0,6.5,6.0,6.5,6.5,7.0,8.0,1,1,0
5763862,7.0,6.0,8.0,6.0,7.5,7.0,6.5,8.5,7.5,8.5,0,0,1
5890865,7.5,7.5,5.0,6.0,3.5,6.0,7.0,6.0,6.0,6.5,0,0,0
6024723,7.5,7.5,7.5,8.0,8.5,7.5,8.0,8.0,7.0,8.0,1,1,1
6136739,8.5,7.0,7.0,8.5,5.0,5.5,8.5,6.5,7.5,8.0,1,0,1
6762507,8.0,9.0,8.5,9.5,7.0,8.0,8.0,8.5,8.5,8.0,1,0,0
7675525,8.5,7.5,9.0,8.0,8.5,8.5,9.0,9.5,9.0,8.5,0,0,1
7889895,9.0,7.5,7.0,8.5,8.0,9.0,7.5,9.5,8.5,8.5,0,0,0
8813147,0.0,4.0,2.5,0.0,0.0,0.0,4.5,3.0,0.0,0.0,0,0,0
8926512,9.0,8.0,8.5,8.0,8.0,8.0,8.0,8.0,7.5,8.0,0,0,0
9762853,7.0,7.0,5.0,6.5,6.0,6.0,6.5,6.5,5.0,6.0,0,1,1
9915496,6.5,6.5,5.0,6.0,6.5,5.5,8.0,7.0,5.0,7.0,1,0,0
10007616,8.0,9.0,8.0,7.0,7.0,6.5,7.5,8.0,8.0,6.0,0,0,0
10372040,6.5,6.0,4.5,2.5,4.5,6.0,6.5,6.0,6.0,5.0,1,1,0
10520631,5.0,7.5,4.5,5.0,4.5,3.5,4.5,6.0,4.5,6.5,1,1,0
11871294,7.5,8.0,7.5,8.5,7.5,8.0,8.0,9.0,5.5,8.0,0,0,0
11968298,8.5,8.5,7.5,8.0,8.5,8.5,7.0,8.0,8.0,7.5,0,1,0
12000507,8.5,7.5,7.5,6.5,6.5,7.5,7.0,7.5,7.5,8.0,0,0,0
12118103,6.5,6.0,6.5,7.5,8.0,7.5,8.5,7.0,8.5,9.0,1,1,0
12201042,7.5,7.0,7.5,7.5,8.0,8.0,9.0,9.0,7.5,6.5,0,0,1
12419098,7.0,7.0,5.0,6.5,5.5,7.5,7.5,7.0,6.5,7.5,1,0,1
12515604,7.0,7.0,6.0,5.5,6.5,5.0,7.0,6.0,6.0,6.5,1,1,1
12540524,6.5,7.5,7.5,7.0,8.0,7.5,9.5,10.0,8.5,8.5,1,1,0
12967654,7.5,7.0,6.5,8.0,6.5,7.5,8.5,8.5,8.0,7.0,0,1,0
13000115,7.0,5.5,6.5,9.0,5.5,6.5,8.0,6.0,6.0,7.5,1,0,1
13761301,8.5,8.5,7.5,6.5,7.0,8.0,7.0,9.5,9.0,8.5,0,0,0
13793340,7.0,7.5,7.0,7.5,5.0,5.0,6.5,6.5,5.5,7.0,1,0,0
14036996,9.0,8.0,8.0,8.0,8.5,8.5,7.5,8.5,8.0,8.0,0,0,0
14495747,7.0,6.0,3.5,5.0,3.5,3.5,6.0,7.0,4.5,5.0,1,1,0
14821641,8.0,7.0,7.0,2.0,7.5,7.0,6.0,7.5,8.0,8.0,1,1,0
15374073,6.5,6.0,6.5,9.0,8.0,5.5,6.5,8.0,7.5,7.0,1,1,0
15401017,8.5,8.0,6.0,8.0,8.0,8.0,7.5,7.5,8.5,7.5,1,1,1
15683015,8.5,7.5,9.0,7.5,8.5,8.0,9.0,9.5,9.0,9.0,0,0,1
15723495,7.5,8.0,7.5,6.5,7.5,7.0,8.5,8.0,7.0,8.0,1,0,1
15878863,7.5,8.5,7.0,8.0,8.5,6.5,8.0,7.5,7.5,7.5,1,0,0
15897575,6.5,6.5,6.0,8.0,5.5,5.0,7.0,7.0,7.0,6.5,1,0,1
15989365,7.0,7.5,5.0,6.0,7.0,8.0,7.0,7.5,7.0,5.5,1,0,1
16060788,7.0,6.5,7.0,7.0,8.5,8.0,7.5,6.5,5.5,6.5,1,0,1
16622239,7.5,6.5,5.5,9.0,5.5,7.5,7.5,7.5,6.0,7.0,0,0,0
16923065,8.5,8.0,7.5,8.5,7.0,7.0,9.0,7.5,7.5,8.0,1,0,1
17200932,7.0,7.5,7.0,7.5,9.0,8.5,7.5,8.0,8.5,9.0,1,1,0
17272564,7.5,9.5,7.5,7.0,8.0,8.5,9.5,9.0,9.0,7.5,0,1,0
17738653,8.0,8.0,8.0,8.0,7.5,8.0,8.0,8.0,8.0,7.5,1,0,1
18088979,7.5,6.5,6.0,8.0,6.5,7.5,7.0,8.0,6.5,7.0,0,0,0
18113261,9.0,8.5,6.5,10.0,8.0,7.0,6.5,9.5,7.0,7.5,0,0,0
18188612,8.5,8.5,7.5,8.0,6.5,7.5,7.5,8.0,7.5,9.0,0,0,0
18334780,7.5,8.0,5.5,5.0,5.5,5.5,6.5,7.0,7.5,7.0,1,1,1
18434786,7.0,7.5,6.0,6.5,8.5,8.0,9.0,7.5,8.0,8.0,1,1,0
18787410,6.5,5.5,7.0,5.5,4.5,5.5,7.0,6.5,6.0,6.0,1,0,0
19453491,8.0,7.5,9.0,10.0,9.5,8.0,8.0,8.0,7.5,7.5,0,0,0
19718802,7.0,6.0,7.0,8.5,7.0,5.5,6.5,7.0,7.5,7.5,0,0,0
19898710,8.0,8.0,7.0,7.0,7.0,7.5,7.5,8.5,7.5,7.0,0,0,0
20368742,7.5,7.5,8.0,9.5,9.5,9.0,9.5,9.5,8.5,7.0,0,1,0
21110338,8.5,6.5,6.5,8.5,5.5,7.0,7.5,7.5,7.0,7.0,0,0,0
21630437,7.5,8.5,9.0,8.5,10.0,8.5,8.5,8.5,8.0,8.0,0,0,0
21665264,8.0,6.0,7.5,7.5,6.5,8.5,8.0,7.5,7.0,7.5,1,1,0
21721644,7.5,6.5,8.0,7.5,7.5,8.5,8.5,8.0,8.0,8.0,1,0,1
22278201,6.5,5.5,5.0,5.0,1.5,6.0,5.5,6.5,5.5,6.0,1,1,0
22321402,6.5,7.0,5.5,6.5,7.0,7.0,8.5,7.5,8.0,7.5,1,0,1
22432972,9.0,8.5,9.5,10.0,9.0,9.5,9.0,8.5,8.5,9.0,0,0,0
22695083,5.0,7.5,5.5,6.0,8.0,6.5,8.5,6.5,7.0,6.5,1,1,1
22941506,7.5,7.0,5.5,8.5,7.0,7.5,8.0,7.0,7.5,7.5,0,0,0
23183182,9.0,6.5,7.5,7.5,0.0,8.0,7.5,5.5,6.0,9.0,1,0,0
23633400,6.5,7.0,6.0,6.0,6.5,6.0,8.0,6.0,6.5,6.0,1,1,0
23757354,6.5,6.0,5.5,6.0,5.0,6.0,9.0,6.5,7.5,6.5,1,0,0
24831481,9.0,8.0,6.0,7.5,6.5,7.5,7.5,8.0,8.0,7.5,0,0,0
25577791,6.5,6.0,7.5,7.5,8.0,7.0,7.0,8.0,6.5,8.0,1,1,1
25680604,8.5,8.0,6.0,7.5,8.0,8.5,9.0,8.5,8.0,7.5,0,0,1
25761104,8.5,6.5,7.0,9.0,8.0,7.5,7.5,7.5,7.0,7.0,0,0,0
26340235,7.0,7.5,6.5,6.5,6.0,7.0,8.0,7.0,5.0,7.5,1,1,1
26556653,6.0,8.0,10.0,8.5,7.5,9.0,9.0,8.5,8.0,8.5,0,1,0
26921752,7.5,6.5,6.5,9.0,7.0,7.0,6.0,7.0,7.0,7.5,0,0,0
27023674,7.5,7.0,6.0,6.0,6.5,7.5,8.5,6.5,8.5,8.0,1,1,0
28406966,9.0,6.0,5.0,5.0,4.0,8.0,7.0,7.0,6.5,7.5,0,0,0
28427247,7.0,6.5,6.5,7.0,6.0,7.5,8.5,6.0,7.0,7.0,1,1,1
28790463,8.0,7.0,5.0,6.5,7.0,5.5,8.0,9.0,5.5,7.5,1,1,1
28856843,7.5,5.5,5.5,8.0,0.0,2.5,5.0,5.5,7.0,6.0,0,0,0
28953978,8.5,7.5,8.0,8.5,8.0,8.0,8.0,7.5,8.0,8.0,0,0,0
29110504,7.5,5.5,5.5,7.0,7.0,5.5,6.5,8.0,7.0,7.5,1,1,1
29500525,8.0,7.5,7.5,9.0,8.5,8.5,9.5,8.5,9.0,9.0,0,0,0
29759993,9.5,8.5,8.5,8.5,8.5,8.0,7.0,8.0,8.5,8.5,0,0,0
29851291,6.5,7.5,6.5,6.5,8.0,8.0,9.0,7.0,8.5,8.0,1,1,0
29987423,7.5,9.5,8.0,8.0,8.5,8.0,8.5,8.5,7.5,7.5,1,1,0
30227536,7.0,7.0,4.5,7.5,7.0,5.5,7.5,5.5,7.5,4.0,0,0,0
30245755,7.5,8.0,7.0,6.5,7.0,7.0,8.5,7.0,7.5,6.5,1,1,1
30252433,7.5,7.0,8.0,6.0,8.0,7.0,8.0,6.5,6.5,7.0,1,1,0
30498131,8.0,7.5,6.5,6.5,5.5,5.0,6.5,7.0,7.5,6.0,1,0,1
30633146,9.0,8.5,9.0,9.5,6.5,7.0,8.0,9.0,8.5,9.5,1,0,0
31164911,6.0,7.0,5.5,5.5,6.0,6.0,7.0,7.0,6.0,7.0,1,0,1
31231599,6.5,6.0,6.0,7.0,6.5,6.5,7.5,7.5,7.0,7.5,1,1,0
31305086,7.5,8.0,7.5,7.0,7.0,7.5,8.5,8.0,8.0,7.5,0,1,1
31324740,6.5,6.5,5.5,5.5,6.0,3.0,6.5,6.5,5.0,7.0,1,1,0
31356670,8.5,8.0,7.5,7.5,8.5,8.0,7.5,9.5,8.5,8.0,0,1,0
31557376,9.5,6.5,8.5,9.5,8.5,8.5,8.0,8.0,8.0,9.0,0,0,0
31838373,9.0,8.0,8.5,6.5,6.5,8.0,8.5,9.0,7.5,8.0,0,0,0
31933277,9.5,5.5,6.5,8.0,6.0,7.0,6.5,6.5,7.0,7.5,0,0,0
32292195,8.0,8.0,8.0,7.5,8.0,8.5,8.0,8.0,7.0,9.0,0,0,0
32698623,8.0,7.0,7.5,7.5,8.0,7.0,8.5,6.0,7.5,9.0,1,0,0
32774418,5.0,7.0,6.0,6.0,8.0,5.0,8.0,7.0,6.5,7.5,1,1,1
33352887,8.0,6.5,4.5,1.5,5.5,6.5,7.0,6.0,6.5,6.5,0,0,0
33526074,7.5,6.5,8.0,5.0,8.0,7.0,5.5,8.0,6.5,7.5,1,0,1
33647424,7.0,6.5,6.0,6.0,7.0,6.5,7.5,7.5,7.0,7.5,1,0,1
33809225,8.5,6.0,6.0,8.0,5.0,7.0,7.0,4.5,5.5,5.5,0,0,0
33926743,8.0,6.0,6.0,8.0,4.5,6.5,8.0,8.0,7.5,9.0,0,0,0
34090239,7.0,4.5,5.0,5.0,5.0,6.5,7.5,5.5,5.0,7.0,0,0,0
34222318,8.5,8.5,7.5,9.5,10.0,8.5,8.0,8.0,7.0,7.0,0,0,0
34826077,7.5,5.5,6.0,5.5,2.0,6.5,6.0,6.5,7.0,6.5,0,0,0
35534748,8.0,7.5,5.5,9.0,7.5,7.0,7.5,7.5,9.5,8.5,1,1,1
35573553,7.0,9.0,5.0,6.5,5.0,6.5,6.5,5.5,7.0,7.0,1,1,0
35795985,7.5,9.0,6.5,6.5,9.5,8.0,9.0,9.0,9.5,8.0,0,0,0
36039886,7.5,7.0,7.0,6.5,7.5,7.5,8.5,8.0,9.0,8.5,1,0,0
36094662,8.0,7.5,7.0,8.0,8.0,8.5,9.5,8.0,8.5,8.5,1,1,0
36232484,7.5,8.5,8.0,6.5,7.0,8.5,9.0,8.5,8.5,8.0,0,0,0
36428051,8.5,6.5,5.0,2.0,3.5,0.0,5.0,6.0,2.0,1.5,0,0,0
36886675,7.0,6.5,7.5,7.5,5.5,7.0,7.5,6.5,5.0,7.5,1,1,1
36920603,9.0,7.5,8.5,8.0,8.5,9.0,8.5,9.0,7.5,8.0,0,0,0
37278813,7.0,7.5,7.0,6.0,9.0,8.0,8.5,7.5,9.5,8.5,1,1,1
37557479,7.5,7.5,8.0,8.0,6.5,8.0,8.5,8.5,7.0,8.0,0,0,0
37734481,7.0,6.5,6.5,5.5,6.5,7.5,8.5,7.0,6.5,6.5,1,1,0
39052159,8.5,8.0,8.0,9.0,8.5,8.5,8.0,8.5,8.5,8.0,0,0,0
39329920,7.5,8.0,6.0,6.5,9.0,7.5,8.5,8.5,7.5,8.5,1,0,1
39509723,6.0,7.5,5.0,6.0,6.0,5.0,8.0,6.5,7.0,6.5,1,1,0
39798894,9.0,5.5,5.5,7.0,7.5,7.0,7.5,7.0,7.0,8.0,0,0,0
39903076,7.5,8.0,7.5,8.5,9.5,8.5,9.5,9.5,8.5,7.0,0,1,0
39972486,7.5,6.5,5.0,8.0,5.0,6.0,5.5,5.5,5.0,8.0,1,0,0
40457740,9.0,7.5,6.5,9.0,7.5,8.5,8.0,8.5,8.0,8.0,0,0,0
40793691,7.0,6.5,6.5,8.5,6.0,7.0,6.0,7.5,6.0,7.5,1,0,1
41047032,7.5,7.0,6.0,5.0,6.5,6.0,8.0,7.5,7.5,7.0,1,1,1
41278711,8.0,8.0,7.5,7.0,9.0,8.5,9.0,8.5,8.5,7.5,0,1,0
41588425,8.5,7.0,7.5,9.5,8.0,8.5,8.0,8.0,8.0,8.5,0,0,0
41646684,7.5,6.0,5.5,7.0,4.0,7.0,5.5,5.5,7.5,5.0,0,0,0
41789860,8.0,8.5,5.5,9.5,6.5,8.0,7.5,8.5,7.5,7.5,0,0,0
41971887,8.0,6.5,5.0,8.0,6.5,8.0,7.5,6.0,0.0,5.5,0,0,0
42048099,6.0,6.0,5.5,6.0,3.0,5.5,6.5,6.0,6.0,6.5,0,0,0
42174647,6.0,7.5,6.5,9.0,7.0,7.5,7.5,8.0,6.5,7.5,1,1,0
42272627,8.0,5.5,6.5,8.0,6.0,7.0,7.5,8.0,8.5,8.0,0,0,0
42332611,8.5,7.0,6.5,7.5,7.0,7.0,7.5,7.5,6.5,8.0,0,0,0
43094634,6.5,6.5,5.0,6.0,5.5,5.5,7.5,6.5,6.5,5.5,1,1,0
43156382,7.0,7.5,7.0,6.0,6.5,6.5,8.0,8.0,7.5,7.0,1,1,0
43839500,8.0,7.5,8.0,7.5,6.5,9.0,7.0,8.0,8.0,8.0,1,0,0
44031234,5.5,5.5,0.0,4.0,0.5,5.5,4.5,4.0,2.0,5.0,0,0,0
44827787,8.5,9.5,9.0,9.5,10.0,9.0,9.5,9.5,9.0,8.5,0,1,0
45704497,8.5,6.5,7.0,7.0,6.0,7.5,7.0,8.5,7.5,8.0,0,0,0
45911967,5.5,6.5,1.0,2.0,0.5,2.0,6.5,3.5,5.0,3.0,0,0,0
46086816,8.5,8.0,9.5,9.0,9.5,9.5,7.5,9.5,8.0,8.5,0,0,0
46293905,6.5,6.5,7.0,5.5,7.0,7.0,7.5,7.0,7.5,7.0,1,0,1
46423293,8.0,7.0,6.0,7.0,6.5,7.0,7.5,9.0,8.0,7.5,0,0,1
46514744,7.5,8.5,7.0,7.0,6.0,6.0,7.5,9.0,8.0,7.5,0,0,0
46604658,6.0,5.0,5.0,4.5,6.0,8.0,7.5,7.0,7.0,6.5,1,0,0
47040071,8.5,7.5,5.0,8.0,6.5,8.0,7.0,7.0,7.0,7.0,0,0,0
47067224,8.0,8.5,9.5,9.0,9.0,9.0,9.0,9.5,8.5,9.5,1,1,0
47149037,8.5,6.5,6.0,7.0,5.5,7.0,7.5,7.0,7.0,6.5,0,0,0
47355539,6.5,4.5,5.5,4.5,1.0,7.0,5.0,6.5,5.5,6.0,1,0,0
47371888,8.0,6.0,5.0,8.0,2.0,7.0,5.5,7.5,0.0,5.5,0,0,0
47792386,8.5,7.0,7.0,5.0,6.0,7.0,7.5,7.5,6.5,7.5,1,0,0
48112741,8.0,9.0,10.0,8.5,9.0,9.0,9.0,8.5,7.5,8.0,0,0,1
48182876,8.0,7.0,6.0,6.0,5.0,6.5,7.0,7.0,5.5,6.5,0,0,0
48465899,7.5,6.5,8.0,7.5,6.5,7.0,9.0,6.5,7.0,5.5,1,1,1
48673746,5.5,6.0,7.0,7.0,7.5,7.0,8.0,8.0,7.5,7.0,1,1,0
48732179,7.0,7.5,5.0,7.5,7.5,6.5,6.5,7.0,6.5,7.0,1,0,0
49224850,6.0,7.5,8.0,6.0,7.5,6.5,7.5,6.5,7.0,7.0,1,1,0
49313063,8.5,7.0,5.0,7.0,5.5,8.0,7.5,7.5,7.5,7.0,0,0,0
49322861,7.5,7.5,7.0,8.0,8.5,8.0,9.5,8.5,9.0,8.0,0,1,0
49455568,8.0,6.5,6.0,7.5,8.5,6.5,7.0,7.0,7.5,8.0,1,1,0
49483298,8.5,7.5,8.0,8.5,7.0,8.5,7.5,8.5,8.0,9.0,0,0,0
49538429,7.5,7.5,6.5,8.0,8.5,8.0,7.0,8.0,8.5,8.0,1,1,0
49569301,7.5,8.5,4.5,6.5,5.5,5.5,5.5,6.0,7.5,5.0,1,0,0
49851016,8.0,6.0,7.0,8.5,5.0,7.0,7.0,6.5,8.5,8.0,0,0,0
50550377,6.0,6.0,7.5,6.5,8.5,8.0,8.0,6.0,6.5,8.5,1,1,0
50624608,6.5,6.0,5.0,3.0,2.5,4.0,5.0,6.5,4.5,5.0,1,0,1
50705977,8.0,7.5,5.0,6.5,5.0,7.5,7.0,7.0,7.5,5.0,0,0,0
51160177,7.5,8.0,7.5,6.5,5.5,7.5,7.5,8.5,6.5,8.0,0,0,0
51735114,8.0,7.0,8.0,8.0,7.0,7.5,8.0,6.5,8.0,8.5,0,0,0
51980661,6.0,6.5,6.0,7.5,6.0,6.5,6.5,7.0,6.0,7.0,1,1,0
52564260,7.5,6.0,5.5,9.5,0.0,8.5,4.5,6.5,5.0,8.0,0,1,0
52854850,9.0,6.0,5.5,5.5,5.0,6.5,7.0,6.5,6.0,7.5,0,0,0
53656806,8.5,6.5,6.5,9.0,6.5,9.0,7.5,9.0,9.5,8.5,0,0,0
54065327,7.5,8.0,8.0,7.0,6.0,6.5,7.5,8.5,6.5,8.0,1,0,0
54363773,6.5,6.5,1.0,5.5,3.5,5.0,5.5,5.0,5.5,5.5,1,0,1
54422973,7.5,7.0,8.0,8.5,8.0,8.0,9.5,9.0,9.0,8.0,0,1,0
54460013,8.5,7.5,9.0,8.5,7.5,9.5,8.0,9.5,9.0,9.0,0,0,0
54483983,7.0,7.0,7.5,8.0,7.0,5.5,8.0,6.5,6.0,7.5,1,0,1
54649484,7.5,5.5,6.0,8.0,5.0,6.5,7.5,5.5,7.0,6.5,0,0,1
54840197,6.5,6.0,5.5,6.5,7.5,5.0,7.0,7.0,6.5,7.0,1,1,1
54907961,8.0,6.0,7.5,8.0,5.0,6.5,6.5,8.0,7.0,7.0,0,0,0
55044851,8.5,9.0,8.5,6.5,9.5,8.0,9.0,8.5,8.5,8.0,0,0,1
55162275,9.0,7.5,7.5,8.5,6.0,7.5,6.0,6.5,6.0,8.5,0,0,0
55317853,7.0,7.5,7.0,7.5,7.0,7.0,7.5,7.5,8.0,8.0,1,1,1
55463125,7.0,6.5,6.0,7.5,9.0,8.0,9.0,7.0,8.0,8.0,1,1,0
55471389,8.0,7.0,8.0,9.5,7.5,8.5,7.5,9.0,8.5,8.5,0,0,0
55501956,6.0,6.0,5.5,8.0,7.0,8.0,7.5,7.0,6.5,7.0,1,1,0
55731292,7.5,7.5,7.0,10.0,7.0,8.5,8.5,9.0,8.0,7.5,0,0,0
56338946,7.5,7.5,7.5,7.5,6.5,7.5,7.5,7.5,7.5,6.5,0,0,0
56469986,7.5,8.0,8.0,5.5,6.0,5.0,7.5,8.0,6.5,7.5,1,1,0
56513269,8.0,7.5,8.5,9.5,9.5,9.0,9.0,8.5,8.0,8.0,0,0,0
56693326,7.5,8.0,8.5,8.0,9.0,8.5,9.5,9.5,8.5,8.0,0,0,0
57475071,8.5,6.5,6.0,6.5,7.5,9.0,7.0,8.0,8.5,8.5,0,0,0
57621666,7.5,7.0,6.0,6.5,6.0,6.5,7.5,6.5,6.5,6.5,1,0,0
57868445,8.0,7.0,5.5,9.5,5.0,6.0,7.5,7.0,6.5,7.0,1,1,1
57988181,8.0,7.0,7.0,9.0,8.5,7.0,6.5,7.5,7.0,7.5,1,0,1
58186487,7.5,7.5,8.0,7.5,8.5,8.5,9.0,7.5,9.0,8.5,1,1,0
58321750,9.0,9.0,9.0,10.0,10.0,8.5,8.5,9.5,8.5,8.5,0,0,0
58859505,8.0,5.5,5.5,8.5,5.0,6.0,6.5,7.5,5.5,6.0,0,0,0
59140641,9.0,7.5,9.5,8.0,9.5,9.5,9.5,10.0,8.5,8.5,0,1,0
59224426,8.0,8.0,9.5,9.0,10.0,9.5,8.5,9.5,9.0,9.0,0,0,0
59431945,7.0,6.5,2.5,8.0,5.0,7.0,6.0,6.5,2.5,7.0,0,0,0
59664746,9.0,8.0,9.5,8.5,8.0,9.0,8.5,8.5,8.5,8.5,0,0,0
59732698,7.0,6.5,6.5,7.5,7.5,6.5,7.5,8.0,5.5,7.5,1,1,1
59892447,7.5,6.5,5.0,5.5,6.5,6.0,7.5,5.5,5.5,5.5,0,0,0
60068247,8.5,9.5,5.5,7.5,6.0,8.0,7.0,8.5,7.5,7.5,0,1,0
60202738,7.5,5.5,6.0,7.0,7.5,6.5,6.5,6.0,7.5,8.0,0,0,0
60249271,9.0,8.0,8.5,9.5,9.0,9.0,8.0,9.0,8.5,9.0,0,0,0
60468648,8.5,7.0,6.0,5.0,6.0,5.5,7.5,7.0,7.5,8.0,1,0,1
61026168,9.0,8.5,8.5,9.0,7.5,8.5,8.0,9.5,9.0,8.5,0,0,0
61663799,6.0,6.5,4.0,6.0,0.0,7.5,6.5,0.0,2.5,0.0,0,0,0
61850859,9.5,8.5,8.5,9.0,9.0,8.0,8.0,9.0,8.0,8.0,0,0,0
61937879,8.5,8.0,7.5,8.0,9.0,8.0,9.5,8.0,8.5,9.0,0,1,0
62320914,7.5,8.0,8.5,8.5,9.5,8.5,8.0,8.5,8.0,8.5,0,0,0
62744333,8.5,6.5,7.0,9.0,7.0,8.0,7.5,8.0,7.0,7.5,0,0,0
63015386,8.0,7.0,9.0,8.5,8.5,8.5,8.0,8.0,7.5,8.5,0,0,0
63104847,8.0,6.5,7.5,7.0,6.5,7.5,8.0,7.5,7.0,8.5,0,0,0
63181159,6.5,6.0,5.5,8.0,4.0,5.5,0.0,7.5,5.0,6.5,1,1,0
63589454,7.5,5.5,6.0,7.5,6.0,8.0,6.5,6.5,6.5,6.5,0,0,0
64011256,5.5,7.0,6.0,9.5,3.0,5.5,7.5,7.5,6.0,8.5,1,0,0
64113916,8.5,8.0,7.5,8.5,8.5,8.5,9.5,9.0,8.5,7.5,0,1,1
64606130,8.0,9.0,5.5,7.0,4.5,7.0,8.0,7.0,6.0,8.0,1,0,0
64818465,7.5,5.5,1.0,6.0,0.5,4.0,7.5,5.0,0.0,6.0,0,0,0
65934136,7.5,7.0,6.5,7.5,8.5,6.5,8.0,9.5,7.5,7.5,1,1,1
65968968,7.5,7.5,7.5,8.5,7.5,9.5,8.0,8.5,8.5,8.0,1,0,0
66127204,8.0,7.5,5.0,6.5,6.5,8.0,7.5,6.0,7.5,7.0,0,0,0
66284919,7.0,8.0,8.5,6.5,8.5,8.0,9.0,8.5,8.0,9.0,0,1,0
66313118,8.0,7.5,7.0,8.5,5.5,7.0,8.0,7.5,6.5,7.5,0,0,0
66433788,9.0,6.0,6.5,6.0,6.0,8.0,7.5,8.5,7.0,7.5,0,0,0
66667665,6.5,7.0,7.5,6.0,8.0,7.5,8.0,7.5,6.5,7.5,1,1,0
66721895,6.5,5.0,5.0,2.5,0.0,7.0,7.5,6.0,5.0,7.5,1,0,0
66742358,7.0,7.0,5.0,6.5,7.5,6.5,6.5,5.5,7.0,6.5,1,0,0
67140388,9.0,7.5,7.5,9.5,8.5,7.5,8.0,7.0,7.5,8.0,0,0,0
67208785,7.0,7.5,7.0,8.5,8.0,8.0,8.0,7.0,8.5,8.0,1,1,1
67948494,7.5,6.0,7.0,8.5,7.5,5.0,7.0,8.0,6.5,9.0,0,0,0
68243419,5.0,6.0,1.0,1.0,0.5,3.0,5.0,3.5,2.5,1.5,0,0,0
68390630,6.0,5.0,5.5,6.5,5.5,6.5,7.5,7.0,7.5,7.0,1,1,0
68768498,8.0,8.5,7.5,8.0,8.5,8.5,8.0,8.5,8.0,8.0,0,1,1
69542940,7.0,6.0,5.0,6.0,7.0,7.0,9.0,7.0,7.0,8.0,0,0,0
70244702,7.5,7.0,6.0,6.5,7.0,6.5,8.0,9.0,7.0,8.0,1,1,0
71126669,8.5,6.5,7.5,6.5,6.5,8.0,7.5,8.0,7.5,8.5,0,0,0
71658984,8.0,7.5,8.0,8.0,9.0,7.0,8.0,8.0,8.0,8.5,1,1,0
72009848,9.0,7.0,6.5,7.0,4.5,6.5,5.5,8.0,6.0,5.0,0,0,0
72079122,8.5,8.5,8.5,9.5,10.0,8.0,8.0,9.5,8.5,8.5,0,0,0
72911655,7.0,6.0,2.0,2.0,3.5,6.5,7.0,6.5,6.5,2.0,0,0,0
73252363,9.0,8.0,6.0,7.5,6.5,7.0,8.0,9.0,8.0,8.5,1,0,0
73476291,9.5,7.5,9.0,8.0,7.5,10.0,8.5,8.0,8.5,8.5,0,0,0
74234424,7.0,7.0,6.0,6.0,7.0,6.0,8.0,7.0,7.5,7.5,1,1,0
74262615,7.5,6.0,5.0,8.5,6.0,7.5,7.0,7.0,6.5,7.0,0,0,0
74450100,8.0,6.5,7.5,7.5,8.5,9.0,8.5,8.0,8.0,7.0,0,1,1
74557733,8.5,7.0,8.0,7.0,6.0,8.5,8.0,9.0,7.0,7.5,0,0,0
74657859,8.0,7.5,7.0,8.0,7.5,8.0,7.5,8.0,7.5,8.5,0,0,0
75128164,7.5,7.5,6.5,7.0,8.5,8.5,8.5,8.0,8.5,9.5,1,0,0
75481692,7.0,5.5,6.5,9.0,6.5,7.5,7.5,7.0,7.5,7.5,0,0,0
75524015,8.0,8.0,7.0,9.0,9.5,7.5,7.5,8.0,6.5,8.0,0,0,0
75925432,8.0,8.5,9.0,8.0,6.0,8.5,8.0,8.5,8.5,8.0,1,0,1
76146928,8.0,7.5,7.0,7.0,8.0,9.0,8.5,7.5,7.0,8.5,0,0,0
76462579,6.5,9.0,6.0,5.5,8.0,6.5,8.5,8.0,5.5,8.5,1,0,0
76861612,7.5,8.0,8.0,8.0,8.5,8.5,9.0,9.5,8.0,8.5,0,1,1
77478107,9.0,9.5,9.0,10.0,9.5,9.0,8.5,8.0,9.0,8.5,0,0,0
77500549,9.0,7.0,9.0,9.5,9.5,9.0,8.5,9.0,9.0,9.0,0,0,0
79090637,7.0,5.5,5.0,7.5,7.0,0.0,6.0,6.0,6.0,6.0,1,0,0
79614707,8.5,7.5,7.0,8.0,8.5,9.5,8.0,8.0,8.0,9.0,0,0,0
79865927,7.5,7.5,7.5,8.0,8.5,8.0,8.0,7.5,7.0,8.0,1,1,0
80689906,8.5,7.0,9.0,8.5,7.0,8.5,7.5,8.5,8.0,8.5,0,0,0
80711285,6.5,8.0,6.0,7.5,8.0,8.0,9.0,8.0,8.0,8.0,1,1,0
80820783,8.5,6.5,6.5,6.5,6.0,7.5,7.5,6.5,6.0,6.5,0,0,0
81331655,7.5,7.0,8.0,7.0,9.5,7.5,8.5,8.5,8.5,8.0,1,0,0
81575184,7.5,5.5,5.5,7.0,3.0,3.5,5.5,6.5,5.0,0.5,0,0,0
81617856,9.0,7.0,5.5,7.5,5.5,8.0,6.5,6.5,6.5,7.0,0,0,0
81886938,8.0,6.5,0.0,6.0,4.0,7.5,5.5,5.0,0.0,5.0,0,0,0
82335572,7.5,7.5,5.0,6.5,5.0,6.0,7.0,6.5,6.5,6.5,1,0,1
82629047,9.0,6.5,4.5,7.0,2.5,6.5,7.5,6.5,7.5,7.5,1,1,1
82740655,7.5,7.5,7.5,7.0,6.5,6.0,7.5,7.5,8.0,8.0,1,0,1
83034944,6.0,6.5,1.0,5.5,4.0,4.0,5.0,5.0,5.5,5.0,0,0,0
83288626,7.0,6.5,5.0,5.0,5.5,5.0,7.0,5.5,6.5,7.0,1,1,0
84224967,7.0,7.5,8.0,8.0,8.0,7.5,8.0,8.5,8.0,6.5,0,1,1
84252601,8.5,4.5,5.0,6.5,5.5,7.0,6.5,7.0,6.5,7.5,0,0,0
84376085,6.5,7.0,6.0,7.5,7.0,5.0,7.0,5.0,5.0,5.5,1,0,0
84589986,9.0,7.5,9.0,8.5,8.5,9.0,9.5,9.0,8.5,9.0,0,0,1
84663152,8.5,7.0,8.5,8.0,6.0,8.5,7.5,8.0,6.0,8.0,0,0,0
85594477,8.0,7.5,6.5,8.0,7.5,7.5,7.5,9.0,7.5,9.0,1,1,1
86141195,7.5,6.0,2.5,2.5,4.5,6.0,6.5,6.0,7.0,7.5,0,0,0
86518289,7.5,7.0,6.0,7.5,8.0,7.0,7.5,8.5,9.0,8.0,1,0,0
87999092,6.0,6.5,2.5,1.5,5.0,5.0,5.0,7.5,7.0,6.5,0,0,0
88577131,9.0,9.5,9.0,9.0,10.0,9.0,8.0,10.0,8.0,9.0,0,0,0
88961649,6.5,6.0,6.5,5.5,6.5,7.5,7.5,7.0,6.5,8.0,1,0,0
89248577,8.0,7.5,6.0,8.5,9.5,9.0,9.5,9.5,8.5,7.5,0,1,0
89519795,7.0,5.0,7.0,7.5,8.0,9.5,8.0,8.5,6.5,7.5,0,0,0
89551317,9.0,7.0,8.0,8.5,7.0,7.5,7.5,8.0,6.0,8.0,1,0,0
90079691,7.5,5.0,1.0,1.5,0.0,3.0,6.0,0.0,3.0,2.0,0,0,0
90123919,7.0,7.0,5.5,6.5,6.5,5.0,7.5,7.0,6.5,6.5,0,1,1
90155672,6.5,7.5,6.5,6.5,8.0,7.5,7.5,7.0,8.0,8.5,1,1,0
90344582,6.5,6.5,5.5,8.0,7.0,5.0,6.5,7.0,6.5,7.5,1,0,1
90670824,7.0,7.5,8.0,7.5,8.5,9.0,8.0,8.5,8.0,9.0,1,0,0
90957884,7.5,8.0,8.5,6.5,7.0,8.0,9.0,8.5,7.0,6.5,0,1,1
90965511,8.0,7.5,8.0,8.5,9.0,8.0,8.0,9.0,8.0,8.0,0,0,0
91325501,8.5,7.0,6.0,8.0,6.0,8.0,8.5,6.0,7.5,6.0,0,0,0
91734378,7.0,6.0,6.5,7.5,7.0,7.0,8.0,7.0,6.0,7.0,0,0,0
91748147,9.0,6.0,5.5,6.0,5.5,6.5,7.0,6.5,6.5,6.5,0,0,0
91904699,7.0,6.0,6.5,6.0,6.5,5.0,7.5,5.5,7.0,5.0,0,1,0
92050907,7.0,6.5,5.5,8.0,1.5,5.5,6.5,7.5,6.0,6.0,0,1,1
92215722,8.5,9.0,9.0,8.5,9.0,8.5,9.0,9.5,8.0,8.5,0,0,0
92444046,6.0,6.5,3.5,6.0,5.0,5.0,7.0,6.0,5.5,6.5,0,0,0
92475692,6.5,6.0,5.5,6.5,2.0,5.0,5.5,6.0,6.0,5.0,1,0,1
92531994,8.5,7.5,6.0,8.0,7.5,7.5,8.0,6.0,7.5,8.5,0,0,1
92842363,7.0,7.0,7.0,7.5,5.5,5.0,7.0,7.5,7.0,7.0,0,0,0
93084468,8.0,8.0,9.0,8.5,8.0,8.5,8.5,9.0,7.5,8.0,0,0,0
93176656,9.0,7.5,6.5,8.0,7.5,8.5,8.5,8.5,8.0,8.5,1,0,1
93221016,7.5,6.5,6.0,5.5,6.5,5.5,7.5,5.5,5.0,6.0,1,1,0
93288632,6.5,6.0,5.0,6.5,6.5,5.5,7.5,6.5,6.0,6.5,1,1,0
93339035,6.5,6.0,5.5,8.0,6.0,5.0,7.5,7.0,6.0,8.0,1,0,1
93660722,7.5,7.0,5.5,6.0,8.0,7.0,8.5,8.5,7.5,9.0,1,1,0
93839806,8.0,8.5,6.0,8.5,7.5,0.0,6.5,9.0,7.5,9.0,1,0,0
93871772,7.5,7.0,6.0,7.0,5.0,6.0,7.0,6.5,7.5,7.0,1,0,0
93972687,9.0,7.5,7.5,7.5,5.5,8.0,8.0,8.0,7.0,7.0,0,0,0
94305108,7.0,7.5,7.5,5.5,7.5,7.5,8.0,8.0,8.5,8.5,1,1,1
94308681,7.0,6.5,6.0,6.0,8.5,7.0,8.5,7.5,7.0,8.0,1,0,1
94677835,6.5,8.5,7.5,7.0,8.5,8.5,9.5,8.0,9.0,8.0,1,1,1
94886402,7.0,6.5,5.5,7.5,7.0,5.5,8.0,7.0,6.0,5.5,0,1,1
95191519,8.0,8.0,7.0,7.5,7.5,6.5,8.0,8.0,7.0,7.0,1,1,1
95501897,9.0,7.0,8.0,8.0,7.0,6.5,7.5,6.0,7.5,7.0,0,1,1
95672453,8.5,6.5,8.0,6.5,8.0,8.5,8.0,8.5,7.5,9.0,0,0,0
95836492,8.5,8.0,7.0,8.0,8.5,8.0,9.0,8.5,8.0,8.0,0,0,1
95840546,6.5,6.0,7.0,6.5,7.5,6.5,8.5,7.5,7.5,7.0,1,0,1
96002915,8.5,8.5,9.0,10.0,10.0,9.0,9.0,9.5,8.5,8.5,0,0,0
96132330,6.0,6.5,6.0,6.5,6.5,5.5,7.0,8.5,5.5,7.5,0,1,0
96432272,6.0,7.0,6.0,6.5,1.5,8.0,7.0,7.0,6.5,8.0,0,0,0
97017017,9.0,6.5,6.5,6.5,7.5,8.5,7.5,7.5,7.5,7.5,0,0,0
97433544,6.5,7.5,5.5,7.0,7.0,6.0,8.0,7.5,6.5,7.5,1,1,0
97942429,7.0,6.5,8.5,8.5,8.0,8.0,8.0,8.5,8.0,8.5,1,1,0
98375723,6.5,5.0,8.0,6.0,7.0,6.5,7.5,7.5,6.5,6.5,1,1,1
98495949,8.5,7.5,8.0,9.0,8.5,8.5,9.0,9.0,8.5,8.0,0,0,1
99042838,6.5,6.0,5.0,5.5,5.5,5.5,7.0,5.5,5.5,5.0,1,0,1
99364682,7.5,7.5,6.0,6.5,7.0,7.0,8.0,7.5,6.0,8.0,1,0,1
99644684,8.5,6.5,9.5,10.0,7.5,7.5,8.0,8.0,8.5,8.5,1,0,0
99782618,9.0,7.0,7.0,7.0,5.5,7.0,8.0,9.0,9.5,9.5,0,0,0
